check_id,table_id,source_file,row_index,primary_key_column,primary_key_value,transcription_status,auto_check,evidence_anchor,second_pass_status,correction_needed,notes
B.3_001,B.3,appendix_b3_pdn_bus_data.csv,1,bus_id,701,source_locked_visual_20260525,structure_ok,PDF page 20 high-resolution rendered appendix image,visual_verified_no_correction_20260525,no,Manually compared against rendered official final PDF appendix image on 2026-05-25; no correction needed; lock scope excludes inferred simulator fields and missing feeder parameters.
B.3_002,B.3,appendix_b3_pdn_bus_data.csv,2,bus_id,702,source_locked_visual_20260525,structure_ok,PDF page 20 high-resolution rendered appendix image,visual_verified_no_correction_20260525,no,Manually compared against rendered official final PDF appendix image on 2026-05-25; no correction needed; lock scope excludes inferred simulator fields and missing feeder parameters.
B.3_003,B.3,appendix_b3_pdn_bus_data.csv,3,bus_id,703,source_locked_visual_20260525,structure_ok,PDF page 20 high-resolution rendered appendix image,visual_verified_no_correction_20260525,no,Manually compared against rendered official final PDF appendix image on 2026-05-25; no correction needed; lock scope excludes inferred simulator fields and missing feeder parameters.
B.3_004,B.3,appendix_b3_pdn_bus_data.csv,4,bus_id,704,source_locked_visual_20260525,structure_ok,PDF page 20 high-resolution rendered appendix image,visual_verified_no_correction_20260525,no,Manually compared against rendered official final PDF appendix image on 2026-05-25; no correction needed; lock scope excludes inferred simulator fields and missing feeder parameters.
B.3_005,B.3,appendix_b3_pdn_bus_data.csv,5,bus_id,705,source_locked_visual_20260525,structure_ok,PDF page 20 high-resolution rendered appendix image,visual_verified_no_correction_20260525,no,Manually compared against rendered official final PDF appendix image on 2026-05-25; no correction needed; lock scope excludes inferred simulator fields and missing feeder parameters.
B.3_006,B.3,appendix_b3_pdn_bus_data.csv,6,bus_id,706,source_locked_visual_20260525,structure_ok,PDF page 20 high-resolution rendered appendix image,visual_verified_no_correction_20260525,no,Manually compared against rendered official final PDF appendix image on 2026-05-25; no correction needed; lock scope excludes inferred simulator fields and missing feeder parameters.
B.3_007,B.3,appendix_b3_pdn_bus_data.csv,7,bus_id,707,source_locked_visual_20260525,structure_ok,PDF page 20 high-resolution rendered appendix image,visual_verified_no_correction_20260525,no,Manually compared against rendered official final PDF appendix image on 2026-05-25; no correction needed; lock scope excludes inferred simulator fields and missing feeder parameters.
B.3_008,B.3,appendix_b3_pdn_bus_data.csv,8,bus_id,708,source_locked_visual_20260525,structure_ok,PDF page 20 high-resolution rendered appendix image,visual_verified_no_correction_20260525,no,Manually compared against rendered official final PDF appendix image on 2026-05-25; no correction needed; lock scope excludes inferred simulator fields and missing feeder parameters.
B.3_009,B.3,appendix_b3_pdn_bus_data.csv,9,bus_id,709,source_locked_visual_20260525,structure_ok,PDF page 20 high-resolution rendered appendix image,visual_verified_no_correction_20260525,no,Manually compared against rendered official final PDF appendix image on 2026-05-25; no correction needed; lock scope excludes inferred simulator fields and missing feeder parameters.
B.3_010,B.3,appendix_b3_pdn_bus_data.csv,10,bus_id,710,source_locked_visual_20260525,structure_ok,PDF page 20 high-resolution rendered appendix image,visual_verified_no_correction_20260525,no,Manually compared against rendered official final PDF appendix image on 2026-05-25; no correction needed; lock scope excludes inferred simulator fields and missing feeder parameters.
B.3_011,B.3,appendix_b3_pdn_bus_data.csv,11,bus_id,711,source_locked_visual_20260525,structure_ok,PDF page 20 high-resolution rendered appendix image,visual_verified_no_correction_20260525,no,Manually compared against rendered official final PDF appendix image on 2026-05-25; no correction needed; lock scope excludes inferred simulator fields and missing feeder parameters.
B.3_012,B.3,appendix_b3_pdn_bus_data.csv,12,bus_id,712,source_locked_visual_20260525,structure_ok,PDF page 20 high-resolution rendered appendix image,visual_verified_no_correction_20260525,no,Manually compared against rendered official final PDF appendix image on 2026-05-25; no correction needed; lock scope excludes inferred simulator fields and missing feeder parameters.
B.3_013,B.3,appendix_b3_pdn_bus_data.csv,13,bus_id,713,source_locked_visual_20260525,structure_ok,PDF page 20 high-resolution rendered appendix image,visual_verified_no_correction_20260525,no,Manually compared against rendered official final PDF appendix image on 2026-05-25; no correction needed; lock scope excludes inferred simulator fields and missing feeder parameters.
B.3_014,B.3,appendix_b3_pdn_bus_data.csv,14,bus_id,714,source_locked_visual_20260525,structure_ok,PDF page 20 high-resolution rendered appendix image,visual_verified_no_correction_20260525,no,Manually compared against rendered official final PDF appendix image on 2026-05-25; no correction needed; lock scope excludes inferred simulator fields and missing feeder parameters.
B.3_015,B.3,appendix_b3_pdn_bus_data.csv,15,bus_id,718,source_locked_visual_20260525,structure_ok,PDF page 20 high-resolution rendered appendix image,visual_verified_no_correction_20260525,no,Manually compared against rendered official final PDF appendix image on 2026-05-25; no correction needed; lock scope excludes inferred simulator fields and missing feeder parameters.
B.3_016,B.3,appendix_b3_pdn_bus_data.csv,16,bus_id,720,source_locked_visual_20260525,structure_ok,PDF page 20 high-resolution rendered appendix image,visual_verified_no_correction_20260525,no,Manually compared against rendered official final PDF appendix image on 2026-05-25; no correction needed; lock scope excludes inferred simulator fields and missing feeder parameters.
B.3_017,B.3,appendix_b3_pdn_bus_data.csv,17,bus_id,722,source_locked_visual_20260525,structure_ok,PDF page 20 high-resolution rendered appendix image,visual_verified_no_correction_20260525,no,Manually compared against rendered official final PDF appendix image on 2026-05-25; no correction needed; lock scope excludes inferred simulator fields and missing feeder parameters.
B.3_018,B.3,appendix_b3_pdn_bus_data.csv,18,bus_id,724,source_locked_visual_20260525,structure_ok,PDF page 20 high-resolution rendered appendix image,visual_verified_no_correction_20260525,no,Manually compared against rendered official final PDF appendix image on 2026-05-25; no correction needed; lock scope excludes inferred simulator fields and missing feeder parameters.
B.3_019,B.3,appendix_b3_pdn_bus_data.csv,19,bus_id,725,source_locked_visual_20260525,structure_ok,PDF page 20 high-resolution rendered appendix image,visual_verified_no_correction_20260525,no,Manually compared against rendered official final PDF appendix image on 2026-05-25; no correction needed; lock scope excludes inferred simulator fields and missing feeder parameters.
B.3_020,B.3,appendix_b3_pdn_bus_data.csv,20,bus_id,727,source_locked_visual_20260525,structure_ok,PDF page 20 high-resolution rendered appendix image,visual_verified_no_correction_20260525,no,Manually compared against rendered official final PDF appendix image on 2026-05-25; no correction needed; lock scope excludes inferred simulator fields and missing feeder parameters.
B.3_021,B.3,appendix_b3_pdn_bus_data.csv,21,bus_id,728,source_locked_visual_20260525,structure_ok,PDF page 20 high-resolution rendered appendix image,visual_verified_no_correction_20260525,no,Manually compared against rendered official final PDF appendix image on 2026-05-25; no correction needed; lock scope excludes inferred simulator fields and missing feeder parameters.
B.3_022,B.3,appendix_b3_pdn_bus_data.csv,22,bus_id,729,source_locked_visual_20260525,structure_ok,PDF page 20 high-resolution rendered appendix image,visual_verified_no_correction_20260525,no,Manually compared against rendered official final PDF appendix image on 2026-05-25; no correction needed; lock scope excludes inferred simulator fields and missing feeder parameters.
B.3_023,B.3,appendix_b3_pdn_bus_data.csv,23,bus_id,730,source_locked_visual_20260525,structure_ok,PDF page 20 high-resolution rendered appendix image,visual_verified_no_correction_20260525,no,Manually compared against rendered official final PDF appendix image on 2026-05-25; no correction needed; lock scope excludes inferred simulator fields and missing feeder parameters.
B.3_024,B.3,appendix_b3_pdn_bus_data.csv,24,bus_id,731,source_locked_visual_20260525,structure_ok,PDF page 20 high-resolution rendered appendix image,visual_verified_no_correction_20260525,no,Manually compared against rendered official final PDF appendix image on 2026-05-25; no correction needed; lock scope excludes inferred simulator fields and missing feeder parameters.
B.3_025,B.3,appendix_b3_pdn_bus_data.csv,25,bus_id,732,source_locked_visual_20260525,structure_ok,PDF page 20 high-resolution rendered appendix image,visual_verified_no_correction_20260525,no,Manually compared against rendered official final PDF appendix image on 2026-05-25; no correction needed; lock scope excludes inferred simulator fields and missing feeder parameters.
B.3_026,B.3,appendix_b3_pdn_bus_data.csv,26,bus_id,733,source_locked_visual_20260525,structure_ok,PDF page 20 high-resolution rendered appendix image,visual_verified_no_correction_20260525,no,Manually compared against rendered official final PDF appendix image on 2026-05-25; no correction needed; lock scope excludes inferred simulator fields and missing feeder parameters.
B.3_027,B.3,appendix_b3_pdn_bus_data.csv,27,bus_id,734,source_locked_visual_20260525,structure_ok,PDF page 20 high-resolution rendered appendix image,visual_verified_no_correction_20260525,no,Manually compared against rendered official final PDF appendix image on 2026-05-25; no correction needed; lock scope excludes inferred simulator fields and missing feeder parameters.
B.3_028,B.3,appendix_b3_pdn_bus_data.csv,28,bus_id,735,source_locked_visual_20260525,structure_ok,PDF page 20 high-resolution rendered appendix image,visual_verified_no_correction_20260525,no,Manually compared against rendered official final PDF appendix image on 2026-05-25; no correction needed; lock scope excludes inferred simulator fields and missing feeder parameters.
B.3_029,B.3,appendix_b3_pdn_bus_data.csv,29,bus_id,736,source_locked_visual_20260525,structure_ok,PDF page 20 high-resolution rendered appendix image,visual_verified_no_correction_20260525,no,Manually compared against rendered official final PDF appendix image on 2026-05-25; no correction needed; lock scope excludes inferred simulator fields and missing feeder parameters.
B.3_030,B.3,appendix_b3_pdn_bus_data.csv,30,bus_id,737,source_locked_visual_20260525,structure_ok,PDF page 20 high-resolution rendered appendix image,visual_verified_no_correction_20260525,no,Manually compared against rendered official final PDF appendix image on 2026-05-25; no correction needed; lock scope excludes inferred simulator fields and missing feeder parameters.
B.3_031,B.3,appendix_b3_pdn_bus_data.csv,31,bus_id,738,source_locked_visual_20260525,structure_ok,PDF page 20 high-resolution rendered appendix image,visual_verified_no_correction_20260525,no,Manually compared against rendered official final PDF appendix image on 2026-05-25; no correction needed; lock scope excludes inferred simulator fields and missing feeder parameters.
B.3_032,B.3,appendix_b3_pdn_bus_data.csv,32,bus_id,740,source_locked_visual_20260525,structure_ok,PDF page 20 high-resolution rendered appendix image,visual_verified_no_correction_20260525,no,Manually compared against rendered official final PDF appendix image on 2026-05-25; no correction needed; lock scope excludes inferred simulator fields and missing feeder parameters.
B.3_033,B.3,appendix_b3_pdn_bus_data.csv,33,bus_id,741,source_locked_visual_20260525,structure_ok,PDF page 20 high-resolution rendered appendix image,visual_verified_no_correction_20260525,no,Manually compared against rendered official final PDF appendix image on 2026-05-25; no correction needed; lock scope excludes inferred simulator fields and missing feeder parameters.
B.3_034,B.3,appendix_b3_pdn_bus_data.csv,34,bus_id,742,source_locked_visual_20260525,structure_ok,PDF page 20 high-resolution rendered appendix image,visual_verified_no_correction_20260525,no,Manually compared against rendered official final PDF appendix image on 2026-05-25; no correction needed; lock scope excludes inferred simulator fields and missing feeder parameters.
B.3_035,B.3,appendix_b3_pdn_bus_data.csv,35,bus_id,744,source_locked_visual_20260525,structure_ok,PDF page 20 high-resolution rendered appendix image,visual_verified_no_correction_20260525,no,Manually compared against rendered official final PDF appendix image on 2026-05-25; no correction needed; lock scope excludes inferred simulator fields and missing feeder parameters.
B.3_036,B.3,appendix_b3_pdn_bus_data.csv,36,bus_id,775,source_locked_visual_20260525,structure_ok,PDF page 20 high-resolution rendered appendix image,visual_verified_no_correction_20260525,no,Manually compared against rendered official final PDF appendix image on 2026-05-25; no correction needed; lock scope excludes inferred simulator fields and missing feeder parameters.
B.3_037,B.3,appendix_b3_pdn_bus_data.csv,37,bus_id,799,source_locked_visual_20260525,structure_ok,PDF page 20 high-resolution rendered appendix image,visual_verified_no_correction_20260525,no,Manually compared against rendered official final PDF appendix image on 2026-05-25; no correction needed; lock scope excludes inferred simulator fields and missing feeder parameters.
B.4_001,B.4,appendix_b4_pdn_line_data.csv,1,line_id,1,source_locked_visual_20260525,structure_ok,PDF page 21 high-resolution rendered appendix image,visual_verified_no_correction_20260525,no,Manually compared against rendered official final PDF appendix image on 2026-05-25; no correction needed; lock scope excludes inferred simulator fields and missing feeder parameters.
B.4_002,B.4,appendix_b4_pdn_line_data.csv,2,line_id,2,source_locked_visual_20260525,structure_ok,PDF page 21 high-resolution rendered appendix image,visual_verified_no_correction_20260525,no,Manually compared against rendered official final PDF appendix image on 2026-05-25; no correction needed; lock scope excludes inferred simulator fields and missing feeder parameters.
B.4_003,B.4,appendix_b4_pdn_line_data.csv,3,line_id,3,source_locked_visual_20260525,structure_ok,PDF page 21 high-resolution rendered appendix image,visual_verified_no_correction_20260525,no,Manually compared against rendered official final PDF appendix image on 2026-05-25; no correction needed; lock scope excludes inferred simulator fields and missing feeder parameters.
B.4_004,B.4,appendix_b4_pdn_line_data.csv,4,line_id,4,source_locked_visual_20260525,structure_ok,PDF page 21 high-resolution rendered appendix image,visual_verified_no_correction_20260525,no,Manually compared against rendered official final PDF appendix image on 2026-05-25; no correction needed; lock scope excludes inferred simulator fields and missing feeder parameters.
B.4_005,B.4,appendix_b4_pdn_line_data.csv,5,line_id,5,source_locked_visual_20260525,structure_ok,PDF page 21 high-resolution rendered appendix image,visual_verified_no_correction_20260525,no,Manually compared against rendered official final PDF appendix image on 2026-05-25; no correction needed; lock scope excludes inferred simulator fields and missing feeder parameters.
B.4_006,B.4,appendix_b4_pdn_line_data.csv,6,line_id,6,source_locked_visual_20260525,structure_ok,PDF page 21 high-resolution rendered appendix image,visual_verified_no_correction_20260525,no,Manually compared against rendered official final PDF appendix image on 2026-05-25; no correction needed; lock scope excludes inferred simulator fields and missing feeder parameters.
B.4_007,B.4,appendix_b4_pdn_line_data.csv,7,line_id,7,source_locked_visual_20260525,structure_ok,PDF page 21 high-resolution rendered appendix image,visual_verified_no_correction_20260525,no,Manually compared against rendered official final PDF appendix image on 2026-05-25; no correction needed; lock scope excludes inferred simulator fields and missing feeder parameters.
B.4_008,B.4,appendix_b4_pdn_line_data.csv,8,line_id,8,source_locked_visual_20260525,structure_ok,PDF page 21 high-resolution rendered appendix image,visual_verified_no_correction_20260525,no,Manually compared against rendered official final PDF appendix image on 2026-05-25; no correction needed; lock scope excludes inferred simulator fields and missing feeder parameters.
B.4_009,B.4,appendix_b4_pdn_line_data.csv,9,line_id,9,source_locked_visual_20260525,structure_ok,PDF page 21 high-resolution rendered appendix image,visual_verified_no_correction_20260525,no,Manually compared against rendered official final PDF appendix image on 2026-05-25; no correction needed; lock scope excludes inferred simulator fields and missing feeder parameters.
B.4_010,B.4,appendix_b4_pdn_line_data.csv,10,line_id,10,source_locked_visual_20260525,structure_ok,PDF page 21 high-resolution rendered appendix image,visual_verified_no_correction_20260525,no,Manually compared against rendered official final PDF appendix image on 2026-05-25; no correction needed; lock scope excludes inferred simulator fields and missing feeder parameters.
B.4_011,B.4,appendix_b4_pdn_line_data.csv,11,line_id,11,source_locked_visual_20260525,structure_ok,PDF page 21 high-resolution rendered appendix image,visual_verified_no_correction_20260525,no,Manually compared against rendered official final PDF appendix image on 2026-05-25; no correction needed; lock scope excludes inferred simulator fields and missing feeder parameters.
B.4_012,B.4,appendix_b4_pdn_line_data.csv,12,line_id,12,source_locked_visual_20260525,structure_ok,PDF page 21 high-resolution rendered appendix image,visual_verified_no_correction_20260525,no,Manually compared against rendered official final PDF appendix image on 2026-05-25; no correction needed; lock scope excludes inferred simulator fields and missing feeder parameters.
B.4_013,B.4,appendix_b4_pdn_line_data.csv,13,line_id,13,source_locked_visual_20260525,structure_ok,PDF page 21 high-resolution rendered appendix image,visual_verified_no_correction_20260525,no,Manually compared against rendered official final PDF appendix image on 2026-05-25; no correction needed; lock scope excludes inferred simulator fields and missing feeder parameters.
B.4_014,B.4,appendix_b4_pdn_line_data.csv,14,line_id,14,source_locked_visual_20260525,structure_ok,PDF page 21 high-resolution rendered appendix image,visual_verified_no_correction_20260525,no,Manually compared against rendered official final PDF appendix image on 2026-05-25; no correction needed; lock scope excludes inferred simulator fields and missing feeder parameters.
B.4_015,B.4,appendix_b4_pdn_line_data.csv,15,line_id,15,source_locked_visual_20260525,structure_ok,PDF page 21 high-resolution rendered appendix image,visual_verified_no_correction_20260525,no,Manually compared against rendered official final PDF appendix image on 2026-05-25; no correction needed; lock scope excludes inferred simulator fields and missing feeder parameters.
B.4_016,B.4,appendix_b4_pdn_line_data.csv,16,line_id,16,source_locked_visual_20260525,structure_ok,PDF page 21 high-resolution rendered appendix image,visual_verified_no_correction_20260525,no,Manually compared against rendered official final PDF appendix image on 2026-05-25; no correction needed; lock scope excludes inferred simulator fields and missing feeder parameters.
B.4_017,B.4,appendix_b4_pdn_line_data.csv,17,line_id,17,source_locked_visual_20260525,structure_ok,PDF page 21 high-resolution rendered appendix image,visual_verified_no_correction_20260525,no,Manually compared against rendered official final PDF appendix image on 2026-05-25; no correction needed; lock scope excludes inferred simulator fields and missing feeder parameters.
B.4_018,B.4,appendix_b4_pdn_line_data.csv,18,line_id,18,source_locked_visual_20260525,structure_ok,PDF page 21 high-resolution rendered appendix image,visual_verified_no_correction_20260525,no,Manually compared against rendered official final PDF appendix image on 2026-05-25; no correction needed; lock scope excludes inferred simulator fields and missing feeder parameters.
B.4_019,B.4,appendix_b4_pdn_line_data.csv,19,line_id,19,source_locked_visual_20260525,structure_ok,PDF page 21 high-resolution rendered appendix image,visual_verified_no_correction_20260525,no,Manually compared against rendered official final PDF appendix image on 2026-05-25; no correction needed; lock scope excludes inferred simulator fields and missing feeder parameters.
B.4_020,B.4,appendix_b4_pdn_line_data.csv,20,line_id,20,source_locked_visual_20260525,structure_ok,PDF page 21 high-resolution rendered appendix image,visual_verified_no_correction_20260525,no,Manually compared against rendered official final PDF appendix image on 2026-05-25; no correction needed; lock scope excludes inferred simulator fields and missing feeder parameters.
B.4_021,B.4,appendix_b4_pdn_line_data.csv,21,line_id,21,source_locked_visual_20260525,structure_ok,PDF page 21 high-resolution rendered appendix image,visual_verified_no_correction_20260525,no,Manually compared against rendered official final PDF appendix image on 2026-05-25; no correction needed; lock scope excludes inferred simulator fields and missing feeder parameters.
B.4_022,B.4,appendix_b4_pdn_line_data.csv,22,line_id,22,source_locked_visual_20260525,structure_ok,PDF page 21 high-resolution rendered appendix image,visual_verified_no_correction_20260525,no,Manually compared against rendered official final PDF appendix image on 2026-05-25; no correction needed; lock scope excludes inferred simulator fields and missing feeder parameters.
B.4_023,B.4,appendix_b4_pdn_line_data.csv,23,line_id,23,source_locked_visual_20260525,structure_ok,PDF page 21 high-resolution rendered appendix image,visual_verified_no_correction_20260525,no,Manually compared against rendered official final PDF appendix image on 2026-05-25; no correction needed; lock scope excludes inferred simulator fields and missing feeder parameters.
B.4_024,B.4,appendix_b4_pdn_line_data.csv,24,line_id,24,source_locked_visual_20260525,structure_ok,PDF page 21 high-resolution rendered appendix image,visual_verified_no_correction_20260525,no,Manually compared against rendered official final PDF appendix image on 2026-05-25; no correction needed; lock scope excludes inferred simulator fields and missing feeder parameters.
B.4_025,B.4,appendix_b4_pdn_line_data.csv,25,line_id,25,source_locked_visual_20260525,structure_ok,PDF page 21 high-resolution rendered appendix image,visual_verified_no_correction_20260525,no,Manually compared against rendered official final PDF appendix image on 2026-05-25; no correction needed; lock scope excludes inferred simulator fields and missing feeder parameters.
B.4_026,B.4,appendix_b4_pdn_line_data.csv,26,line_id,26,source_locked_visual_20260525,structure_ok,PDF page 21 high-resolution rendered appendix image,visual_verified_no_correction_20260525,no,Manually compared against rendered official final PDF appendix image on 2026-05-25; no correction needed; lock scope excludes inferred simulator fields and missing feeder parameters.
B.4_027,B.4,appendix_b4_pdn_line_data.csv,27,line_id,27,source_locked_visual_20260525,structure_ok,PDF page 21 high-resolution rendered appendix image,visual_verified_no_correction_20260525,no,Manually compared against rendered official final PDF appendix image on 2026-05-25; no correction needed; lock scope excludes inferred simulator fields and missing feeder parameters.
B.4_028,B.4,appendix_b4_pdn_line_data.csv,28,line_id,28,source_locked_visual_20260525,structure_ok,PDF page 21 high-resolution rendered appendix image,visual_verified_no_correction_20260525,no,Manually compared against rendered official final PDF appendix image on 2026-05-25; no correction needed; lock scope excludes inferred simulator fields and missing feeder parameters.
B.4_029,B.4,appendix_b4_pdn_line_data.csv,29,line_id,29,source_locked_visual_20260525,structure_ok,PDF page 21 high-resolution rendered appendix image,visual_verified_no_correction_20260525,no,Manually compared against rendered official final PDF appendix image on 2026-05-25; no correction needed; lock scope excludes inferred simulator fields and missing feeder parameters.
B.4_030,B.4,appendix_b4_pdn_line_data.csv,30,line_id,30,source_locked_visual_20260525,structure_ok,PDF page 21 high-resolution rendered appendix image,visual_verified_no_correction_20260525,no,Manually compared against rendered official final PDF appendix image on 2026-05-25; no correction needed; lock scope excludes inferred simulator fields and missing feeder parameters.
B.4_031,B.4,appendix_b4_pdn_line_data.csv,31,line_id,31,source_locked_visual_20260525,structure_ok,PDF page 21 high-resolution rendered appendix image,visual_verified_no_correction_20260525,no,Manually compared against rendered official final PDF appendix image on 2026-05-25; no correction needed; lock scope excludes inferred simulator fields and missing feeder parameters.
B.4_032,B.4,appendix_b4_pdn_line_data.csv,32,line_id,32,source_locked_visual_20260525,structure_ok,PDF page 21 high-resolution rendered appendix image,visual_verified_no_correction_20260525,no,Manually compared against rendered official final PDF appendix image on 2026-05-25; no correction needed; lock scope excludes inferred simulator fields and missing feeder parameters.
B.4_033,B.4,appendix_b4_pdn_line_data.csv,33,line_id,33,source_locked_visual_20260525,structure_ok,PDF page 21 high-resolution rendered appendix image,visual_verified_no_correction_20260525,no,Manually compared against rendered official final PDF appendix image on 2026-05-25; no correction needed; lock scope excludes inferred simulator fields and missing feeder parameters.
B.4_034,B.4,appendix_b4_pdn_line_data.csv,34,line_id,34,source_locked_visual_20260525,structure_ok,PDF page 21 high-resolution rendered appendix image,visual_verified_no_correction_20260525,no,Manually compared against rendered official final PDF appendix image on 2026-05-25; no correction needed; lock scope excludes inferred simulator fields and missing feeder parameters.
B.4_035,B.4,appendix_b4_pdn_line_data.csv,35,line_id,35,source_locked_visual_20260525,structure_ok,PDF page 21 high-resolution rendered appendix image,visual_verified_no_correction_20260525,no,Manually compared against rendered official final PDF appendix image on 2026-05-25; no correction needed; lock scope excludes inferred simulator fields and missing feeder parameters.
B.4_036,B.4,appendix_b4_pdn_line_data.csv,36,line_id,36,source_locked_visual_20260525,structure_ok,PDF page 21 high-resolution rendered appendix image,visual_verified_no_correction_20260525,no,Manually compared against rendered official final PDF appendix image on 2026-05-25; no correction needed; lock scope excludes inferred simulator fields and missing feeder parameters.
B.5_001,B.5,appendix_b5_cn_node_data.csv,1,cn_node_id,1,source_locked_visual_20260525,structure_ok,PDF page 21 high-resolution rendered appendix image,visual_verified_no_correction_20260525,no,Manually compared against rendered official final PDF appendix image on 2026-05-25; no correction needed; lock scope excludes inferred simulator fields and communication/traffic dynamics.
B.5_002,B.5,appendix_b5_cn_node_data.csv,2,cn_node_id,2,source_locked_visual_20260525,structure_ok,PDF page 21 high-resolution rendered appendix image,visual_verified_no_correction_20260525,no,Manually compared against rendered official final PDF appendix image on 2026-05-25; no correction needed; lock scope excludes inferred simulator fields and communication/traffic dynamics.
B.5_003,B.5,appendix_b5_cn_node_data.csv,3,cn_node_id,3,source_locked_visual_20260525,structure_ok,PDF page 21 high-resolution rendered appendix image,visual_verified_no_correction_20260525,no,Manually compared against rendered official final PDF appendix image on 2026-05-25; no correction needed; lock scope excludes inferred simulator fields and communication/traffic dynamics.
B.5_004,B.5,appendix_b5_cn_node_data.csv,4,cn_node_id,4,source_locked_visual_20260525,structure_ok,PDF page 21 high-resolution rendered appendix image,visual_verified_no_correction_20260525,no,Manually compared against rendered official final PDF appendix image on 2026-05-25; no correction needed; lock scope excludes inferred simulator fields and communication/traffic dynamics.
B.5_005,B.5,appendix_b5_cn_node_data.csv,5,cn_node_id,5,source_locked_visual_20260525,structure_ok,PDF page 21 high-resolution rendered appendix image,visual_verified_no_correction_20260525,no,Manually compared against rendered official final PDF appendix image on 2026-05-25; no correction needed; lock scope excludes inferred simulator fields and communication/traffic dynamics.
B.5_006,B.5,appendix_b5_cn_node_data.csv,6,cn_node_id,6,source_locked_visual_20260525,structure_ok,PDF page 21 high-resolution rendered appendix image,visual_verified_no_correction_20260525,no,Manually compared against rendered official final PDF appendix image on 2026-05-25; no correction needed; lock scope excludes inferred simulator fields and communication/traffic dynamics.
B.5_007,B.5,appendix_b5_cn_node_data.csv,7,cn_node_id,7,source_locked_visual_20260525,structure_ok,PDF page 21 high-resolution rendered appendix image,visual_verified_no_correction_20260525,no,Manually compared against rendered official final PDF appendix image on 2026-05-25; no correction needed; lock scope excludes inferred simulator fields and communication/traffic dynamics.
B.5_008,B.5,appendix_b5_cn_node_data.csv,8,cn_node_id,8,source_locked_visual_20260525,structure_ok,PDF page 21 high-resolution rendered appendix image,visual_verified_no_correction_20260525,no,Manually compared against rendered official final PDF appendix image on 2026-05-25; no correction needed; lock scope excludes inferred simulator fields and communication/traffic dynamics.
B.5_009,B.5,appendix_b5_cn_node_data.csv,9,cn_node_id,9,source_locked_visual_20260525,structure_ok,PDF page 21 high-resolution rendered appendix image,visual_verified_no_correction_20260525,no,Manually compared against rendered official final PDF appendix image on 2026-05-25; no correction needed; lock scope excludes inferred simulator fields and communication/traffic dynamics.
B.5_010,B.5,appendix_b5_cn_node_data.csv,10,cn_node_id,10,source_locked_visual_20260525,structure_ok,PDF page 21 high-resolution rendered appendix image,visual_verified_no_correction_20260525,no,Manually compared against rendered official final PDF appendix image on 2026-05-25; no correction needed; lock scope excludes inferred simulator fields and communication/traffic dynamics.
B.5_011,B.5,appendix_b5_cn_node_data.csv,11,cn_node_id,11,source_locked_visual_20260525,structure_ok,PDF page 21 high-resolution rendered appendix image,visual_verified_no_correction_20260525,no,Manually compared against rendered official final PDF appendix image on 2026-05-25; no correction needed; lock scope excludes inferred simulator fields and communication/traffic dynamics.
B.5_012,B.5,appendix_b5_cn_node_data.csv,12,cn_node_id,12,source_locked_visual_20260525,structure_ok,PDF page 21 high-resolution rendered appendix image,visual_verified_no_correction_20260525,no,Manually compared against rendered official final PDF appendix image on 2026-05-25; no correction needed; lock scope excludes inferred simulator fields and communication/traffic dynamics.
B.5_013,B.5,appendix_b5_cn_node_data.csv,13,cn_node_id,13,source_locked_visual_20260525,structure_ok,PDF page 21 high-resolution rendered appendix image,visual_verified_no_correction_20260525,no,Manually compared against rendered official final PDF appendix image on 2026-05-25; no correction needed; lock scope excludes inferred simulator fields and communication/traffic dynamics.
B.5_014,B.5,appendix_b5_cn_node_data.csv,14,cn_node_id,14,source_locked_visual_20260525,structure_ok,PDF page 21 high-resolution rendered appendix image,visual_verified_no_correction_20260525,no,Manually compared against rendered official final PDF appendix image on 2026-05-25; no correction needed; lock scope excludes inferred simulator fields and communication/traffic dynamics.
B.5_015,B.5,appendix_b5_cn_node_data.csv,15,cn_node_id,15,source_locked_visual_20260525,structure_ok,PDF page 21 high-resolution rendered appendix image,visual_verified_no_correction_20260525,no,Manually compared against rendered official final PDF appendix image on 2026-05-25; no correction needed; lock scope excludes inferred simulator fields and communication/traffic dynamics.
B.5_016,B.5,appendix_b5_cn_node_data.csv,16,cn_node_id,16,source_locked_visual_20260525,structure_ok,PDF page 21 high-resolution rendered appendix image,visual_verified_no_correction_20260525,no,Manually compared against rendered official final PDF appendix image on 2026-05-25; no correction needed; lock scope excludes inferred simulator fields and communication/traffic dynamics.
B.5_017,B.5,appendix_b5_cn_node_data.csv,17,cn_node_id,17,source_locked_visual_20260525,structure_ok,PDF page 21 high-resolution rendered appendix image,visual_verified_no_correction_20260525,no,Manually compared against rendered official final PDF appendix image on 2026-05-25; no correction needed; lock scope excludes inferred simulator fields and communication/traffic dynamics.
B.5_018,B.5,appendix_b5_cn_node_data.csv,18,cn_node_id,18,source_locked_visual_20260525,structure_ok,PDF page 21 high-resolution rendered appendix image,visual_verified_no_correction_20260525,no,Manually compared against rendered official final PDF appendix image on 2026-05-25; no correction needed; lock scope excludes inferred simulator fields and communication/traffic dynamics.
B.5_019,B.5,appendix_b5_cn_node_data.csv,19,cn_node_id,19,source_locked_visual_20260525,structure_ok,PDF page 21 high-resolution rendered appendix image,visual_verified_no_correction_20260525,no,Manually compared against rendered official final PDF appendix image on 2026-05-25; no correction needed; lock scope excludes inferred simulator fields and communication/traffic dynamics.
B.5_020,B.5,appendix_b5_cn_node_data.csv,20,cn_node_id,20,source_locked_visual_20260525,structure_ok,PDF page 21 high-resolution rendered appendix image,visual_verified_no_correction_20260525,no,Manually compared against rendered official final PDF appendix image on 2026-05-25; no correction needed; lock scope excludes inferred simulator fields and communication/traffic dynamics.
B.5_021,B.5,appendix_b5_cn_node_data.csv,21,cn_node_id,21,source_locked_visual_20260525,structure_ok,PDF page 21 high-resolution rendered appendix image,visual_verified_no_correction_20260525,no,Manually compared against rendered official final PDF appendix image on 2026-05-25; no correction needed; lock scope excludes inferred simulator fields and communication/traffic dynamics.
B.5_022,B.5,appendix_b5_cn_node_data.csv,22,cn_node_id,22,source_locked_visual_20260525,structure_ok,PDF page 21 high-resolution rendered appendix image,visual_verified_no_correction_20260525,no,Manually compared against rendered official final PDF appendix image on 2026-05-25; no correction needed; lock scope excludes inferred simulator fields and communication/traffic dynamics.
B.5_023,B.5,appendix_b5_cn_node_data.csv,23,cn_node_id,23,source_locked_visual_20260525,structure_ok,PDF page 21 high-resolution rendered appendix image,visual_verified_no_correction_20260525,no,Manually compared against rendered official final PDF appendix image on 2026-05-25; no correction needed; lock scope excludes inferred simulator fields and communication/traffic dynamics.
B.5_024,B.5,appendix_b5_cn_node_data.csv,24,cn_node_id,24,source_locked_visual_20260525,structure_ok,PDF page 21 high-resolution rendered appendix image,visual_verified_no_correction_20260525,no,Manually compared against rendered official final PDF appendix image on 2026-05-25; no correction needed; lock scope excludes inferred simulator fields and communication/traffic dynamics.
B.5_025,B.5,appendix_b5_cn_node_data.csv,25,cn_node_id,25,source_locked_visual_20260525,structure_ok,PDF page 21 high-resolution rendered appendix image,visual_verified_no_correction_20260525,no,Manually compared against rendered official final PDF appendix image on 2026-05-25; no correction needed; lock scope excludes inferred simulator fields and communication/traffic dynamics.
B.5_026,B.5,appendix_b5_cn_node_data.csv,26,cn_node_id,26,source_locked_visual_20260525,structure_ok,PDF page 21 high-resolution rendered appendix image,visual_verified_no_correction_20260525,no,Manually compared against rendered official final PDF appendix image on 2026-05-25; no correction needed; lock scope excludes inferred simulator fields and communication/traffic dynamics.
B.5_027,B.5,appendix_b5_cn_node_data.csv,27,cn_node_id,27,source_locked_visual_20260525,structure_ok,PDF page 21 high-resolution rendered appendix image,visual_verified_no_correction_20260525,no,Manually compared against rendered official final PDF appendix image on 2026-05-25; no correction needed; lock scope excludes inferred simulator fields and communication/traffic dynamics.
B.5_028,B.5,appendix_b5_cn_node_data.csv,28,cn_node_id,28,source_locked_visual_20260525,structure_ok,PDF page 21 high-resolution rendered appendix image,visual_verified_no_correction_20260525,no,Manually compared against rendered official final PDF appendix image on 2026-05-25; no correction needed; lock scope excludes inferred simulator fields and communication/traffic dynamics.
B.5_029,B.5,appendix_b5_cn_node_data.csv,29,cn_node_id,29,source_locked_visual_20260525,structure_ok,PDF page 21 high-resolution rendered appendix image,visual_verified_no_correction_20260525,no,Manually compared against rendered official final PDF appendix image on 2026-05-25; no correction needed; lock scope excludes inferred simulator fields and communication/traffic dynamics.
B.5_030,B.5,appendix_b5_cn_node_data.csv,30,cn_node_id,30,source_locked_visual_20260525,structure_ok,PDF page 21 high-resolution rendered appendix image,visual_verified_no_correction_20260525,no,Manually compared against rendered official final PDF appendix image on 2026-05-25; no correction needed; lock scope excludes inferred simulator fields and communication/traffic dynamics.
B.5_031,B.5,appendix_b5_cn_node_data.csv,31,cn_node_id,31,source_locked_visual_20260525,structure_ok,PDF page 21 high-resolution rendered appendix image,visual_verified_no_correction_20260525,no,Manually compared against rendered official final PDF appendix image on 2026-05-25; no correction needed; lock scope excludes inferred simulator fields and communication/traffic dynamics.
B.5_032,B.5,appendix_b5_cn_node_data.csv,32,cn_node_id,32,source_locked_visual_20260525,structure_ok,PDF page 21 high-resolution rendered appendix image,visual_verified_no_correction_20260525,no,Manually compared against rendered official final PDF appendix image on 2026-05-25; no correction needed; lock scope excludes inferred simulator fields and communication/traffic dynamics.
B.5_033,B.5,appendix_b5_cn_node_data.csv,33,cn_node_id,33,source_locked_visual_20260525,structure_ok,PDF page 21 high-resolution rendered appendix image,visual_verified_no_correction_20260525,no,Manually compared against rendered official final PDF appendix image on 2026-05-25; no correction needed; lock scope excludes inferred simulator fields and communication/traffic dynamics.
B.5_034,B.5,appendix_b5_cn_node_data.csv,34,cn_node_id,34,source_locked_visual_20260525,structure_ok,PDF page 21 high-resolution rendered appendix image,visual_verified_no_correction_20260525,no,Manually compared against rendered official final PDF appendix image on 2026-05-25; no correction needed; lock scope excludes inferred simulator fields and communication/traffic dynamics.
B.5_035,B.5,appendix_b5_cn_node_data.csv,35,cn_node_id,35,source_locked_visual_20260525,structure_ok,PDF page 21 high-resolution rendered appendix image,visual_verified_no_correction_20260525,no,Manually compared against rendered official final PDF appendix image on 2026-05-25; no correction needed; lock scope excludes inferred simulator fields and communication/traffic dynamics.
B.5_036,B.5,appendix_b5_cn_node_data.csv,36,cn_node_id,36,source_locked_visual_20260525,structure_ok,PDF page 21 high-resolution rendered appendix image,visual_verified_no_correction_20260525,no,Manually compared against rendered official final PDF appendix image on 2026-05-25; no correction needed; lock scope excludes inferred simulator fields and communication/traffic dynamics.
B.5_037,B.5,appendix_b5_cn_node_data.csv,37,cn_node_id,37,source_locked_visual_20260525,structure_ok,PDF page 21 high-resolution rendered appendix image,visual_verified_no_correction_20260525,no,Manually compared against rendered official final PDF appendix image on 2026-05-25; no correction needed; lock scope excludes inferred simulator fields and communication/traffic dynamics.
B.5_038,B.5,appendix_b5_cn_node_data.csv,38,cn_node_id,38,source_locked_visual_20260525,structure_ok,PDF page 21 high-resolution rendered appendix image,visual_verified_no_correction_20260525,no,Manually compared against rendered official final PDF appendix image on 2026-05-25; no correction needed; lock scope excludes inferred simulator fields and communication/traffic dynamics.
B.5_039,B.5,appendix_b5_cn_node_data.csv,39,cn_node_id,39,source_locked_visual_20260525,structure_ok,PDF page 21 high-resolution rendered appendix image,visual_verified_no_correction_20260525,no,Manually compared against rendered official final PDF appendix image on 2026-05-25; no correction needed; lock scope excludes inferred simulator fields and communication/traffic dynamics.
B.5_040,B.5,appendix_b5_cn_node_data.csv,40,cn_node_id,40,source_locked_visual_20260525,structure_ok,PDF page 21 high-resolution rendered appendix image,visual_verified_no_correction_20260525,no,Manually compared against rendered official final PDF appendix image on 2026-05-25; no correction needed; lock scope excludes inferred simulator fields and communication/traffic dynamics.
B.5_041,B.5,appendix_b5_cn_node_data.csv,41,cn_node_id,41,source_locked_visual_20260525,structure_ok,PDF page 21 high-resolution rendered appendix image,visual_verified_no_correction_20260525,no,Manually compared against rendered official final PDF appendix image on 2026-05-25; no correction needed; lock scope excludes inferred simulator fields and communication/traffic dynamics.
B.5_042,B.5,appendix_b5_cn_node_data.csv,42,cn_node_id,42,source_locked_visual_20260525,structure_ok,PDF page 21 high-resolution rendered appendix image,visual_verified_no_correction_20260525,no,Manually compared against rendered official final PDF appendix image on 2026-05-25; no correction needed; lock scope excludes inferred simulator fields and communication/traffic dynamics.
B.5_043,B.5,appendix_b5_cn_node_data.csv,43,cn_node_id,43,source_locked_visual_20260525,structure_ok,PDF page 21 high-resolution rendered appendix image,visual_verified_no_correction_20260525,no,Manually compared against rendered official final PDF appendix image on 2026-05-25; no correction needed; lock scope excludes inferred simulator fields and communication/traffic dynamics.
B.6_001,B.6,appendix_b6_utn_tj_data.csv,1,tj_id,1,source_locked_visual_20260525,structure_ok,PDF page 21 high-resolution rendered appendix image,visual_verified_no_correction_20260525,no,Manually compared against rendered official final PDF appendix image on 2026-05-25; no correction needed; lock scope excludes inferred simulator fields and communication/traffic dynamics.
B.6_002,B.6,appendix_b6_utn_tj_data.csv,2,tj_id,2,source_locked_visual_20260525,structure_ok,PDF page 21 high-resolution rendered appendix image,visual_verified_no_correction_20260525,no,Manually compared against rendered official final PDF appendix image on 2026-05-25; no correction needed; lock scope excludes inferred simulator fields and communication/traffic dynamics.
B.6_003,B.6,appendix_b6_utn_tj_data.csv,3,tj_id,3,source_locked_visual_20260525,structure_ok,PDF page 21 high-resolution rendered appendix image,visual_verified_no_correction_20260525,no,Manually compared against rendered official final PDF appendix image on 2026-05-25; no correction needed; lock scope excludes inferred simulator fields and communication/traffic dynamics.
B.6_004,B.6,appendix_b6_utn_tj_data.csv,4,tj_id,4,source_locked_visual_20260525,structure_ok,PDF page 21 high-resolution rendered appendix image,visual_verified_no_correction_20260525,no,Manually compared against rendered official final PDF appendix image on 2026-05-25; no correction needed; lock scope excludes inferred simulator fields and communication/traffic dynamics.
B.6_005,B.6,appendix_b6_utn_tj_data.csv,5,tj_id,5,source_locked_visual_20260525,structure_ok,PDF page 21 high-resolution rendered appendix image,visual_verified_no_correction_20260525,no,Manually compared against rendered official final PDF appendix image on 2026-05-25; no correction needed; lock scope excludes inferred simulator fields and communication/traffic dynamics.
B.6_006,B.6,appendix_b6_utn_tj_data.csv,6,tj_id,6,source_locked_visual_20260525,structure_ok,PDF page 21 high-resolution rendered appendix image,visual_verified_no_correction_20260525,no,Manually compared against rendered official final PDF appendix image on 2026-05-25; no correction needed; lock scope excludes inferred simulator fields and communication/traffic dynamics.
B.6_007,B.6,appendix_b6_utn_tj_data.csv,7,tj_id,7,source_locked_visual_20260525,structure_ok,PDF page 21 high-resolution rendered appendix image,visual_verified_no_correction_20260525,no,Manually compared against rendered official final PDF appendix image on 2026-05-25; no correction needed; lock scope excludes inferred simulator fields and communication/traffic dynamics.
B.6_008,B.6,appendix_b6_utn_tj_data.csv,8,tj_id,8,source_locked_visual_20260525,structure_ok,PDF page 21 high-resolution rendered appendix image,visual_verified_no_correction_20260525,no,Manually compared against rendered official final PDF appendix image on 2026-05-25; no correction needed; lock scope excludes inferred simulator fields and communication/traffic dynamics.
B.6_009,B.6,appendix_b6_utn_tj_data.csv,9,tj_id,9,source_locked_visual_20260525,structure_ok,PDF page 21 high-resolution rendered appendix image,visual_verified_no_correction_20260525,no,Manually compared against rendered official final PDF appendix image on 2026-05-25; no correction needed; lock scope excludes inferred simulator fields and communication/traffic dynamics.
B.6_010,B.6,appendix_b6_utn_tj_data.csv,10,tj_id,10,source_locked_visual_20260525,structure_ok,PDF page 21 high-resolution rendered appendix image,visual_verified_no_correction_20260525,no,Manually compared against rendered official final PDF appendix image on 2026-05-25; no correction needed; lock scope excludes inferred simulator fields and communication/traffic dynamics.
B.6_011,B.6,appendix_b6_utn_tj_data.csv,11,tj_id,11,source_locked_visual_20260525,structure_ok,PDF page 21 high-resolution rendered appendix image,visual_verified_no_correction_20260525,no,Manually compared against rendered official final PDF appendix image on 2026-05-25; no correction needed; lock scope excludes inferred simulator fields and communication/traffic dynamics.
B.6_012,B.6,appendix_b6_utn_tj_data.csv,12,tj_id,12,source_locked_visual_20260525,structure_ok,PDF page 21 high-resolution rendered appendix image,visual_verified_no_correction_20260525,no,Manually compared against rendered official final PDF appendix image on 2026-05-25; no correction needed; lock scope excludes inferred simulator fields and communication/traffic dynamics.
B.6_013,B.6,appendix_b6_utn_tj_data.csv,13,tj_id,13,source_locked_visual_20260525,structure_ok,PDF page 21 high-resolution rendered appendix image,visual_verified_no_correction_20260525,no,Manually compared against rendered official final PDF appendix image on 2026-05-25; no correction needed; lock scope excludes inferred simulator fields and communication/traffic dynamics.
B.6_014,B.6,appendix_b6_utn_tj_data.csv,14,tj_id,14,source_locked_visual_20260525,structure_ok,PDF page 21 high-resolution rendered appendix image,visual_verified_no_correction_20260525,no,Manually compared against rendered official final PDF appendix image on 2026-05-25; no correction needed; lock scope excludes inferred simulator fields and communication/traffic dynamics.
B.6_015,B.6,appendix_b6_utn_tj_data.csv,15,tj_id,15,source_locked_visual_20260525,structure_ok,PDF page 21 high-resolution rendered appendix image,visual_verified_no_correction_20260525,no,Manually compared against rendered official final PDF appendix image on 2026-05-25; no correction needed; lock scope excludes inferred simulator fields and communication/traffic dynamics.
B.6_016,B.6,appendix_b6_utn_tj_data.csv,16,tj_id,16,source_locked_visual_20260525,structure_ok,PDF page 21 high-resolution rendered appendix image,visual_verified_no_correction_20260525,no,Manually compared against rendered official final PDF appendix image on 2026-05-25; no correction needed; lock scope excludes inferred simulator fields and communication/traffic dynamics.
B.6_017,B.6,appendix_b6_utn_tj_data.csv,17,tj_id,17,source_locked_visual_20260525,structure_ok,PDF page 21 high-resolution rendered appendix image,visual_verified_no_correction_20260525,no,Manually compared against rendered official final PDF appendix image on 2026-05-25; no correction needed; lock scope excludes inferred simulator fields and communication/traffic dynamics.
B.6_018,B.6,appendix_b6_utn_tj_data.csv,18,tj_id,18,source_locked_visual_20260525,structure_ok,PDF page 21 high-resolution rendered appendix image,visual_verified_no_correction_20260525,no,Manually compared against rendered official final PDF appendix image on 2026-05-25; no correction needed; lock scope excludes inferred simulator fields and communication/traffic dynamics.
B.6_019,B.6,appendix_b6_utn_tj_data.csv,19,tj_id,19,source_locked_visual_20260525,structure_ok,PDF page 21 high-resolution rendered appendix image,visual_verified_no_correction_20260525,no,Manually compared against rendered official final PDF appendix image on 2026-05-25; no correction needed; lock scope excludes inferred simulator fields and communication/traffic dynamics.
B.6_020,B.6,appendix_b6_utn_tj_data.csv,20,tj_id,20,source_locked_visual_20260525,structure_ok,PDF page 21 high-resolution rendered appendix image,visual_verified_no_correction_20260525,no,Manually compared against rendered official final PDF appendix image on 2026-05-25; no correction needed; lock scope excludes inferred simulator fields and communication/traffic dynamics.
B.6_021,B.6,appendix_b6_utn_tj_data.csv,21,tj_id,21,source_locked_visual_20260525,structure_ok,PDF page 21 high-resolution rendered appendix image,visual_verified_no_correction_20260525,no,Manually compared against rendered official final PDF appendix image on 2026-05-25; no correction needed; lock scope excludes inferred simulator fields and communication/traffic dynamics.
B.6_022,B.6,appendix_b6_utn_tj_data.csv,22,tj_id,22,source_locked_visual_20260525,structure_ok,PDF page 21 high-resolution rendered appendix image,visual_verified_no_correction_20260525,no,Manually compared against rendered official final PDF appendix image on 2026-05-25; no correction needed; lock scope excludes inferred simulator fields and communication/traffic dynamics.
B.6_023,B.6,appendix_b6_utn_tj_data.csv,23,tj_id,23,source_locked_visual_20260525,structure_ok,PDF page 21 high-resolution rendered appendix image,visual_verified_no_correction_20260525,no,Manually compared against rendered official final PDF appendix image on 2026-05-25; no correction needed; lock scope excludes inferred simulator fields and communication/traffic dynamics.
B.6_024,B.6,appendix_b6_utn_tj_data.csv,24,tj_id,24,source_locked_visual_20260525,structure_ok,PDF page 21 high-resolution rendered appendix image,visual_verified_no_correction_20260525,no,Manually compared against rendered official final PDF appendix image on 2026-05-25; no correction needed; lock scope excludes inferred simulator fields and communication/traffic dynamics.
B.7_001,B.7,appendix_b7_utn_tl_data.csv,1,tl_id,1,source_locked_visual_20260525,structure_ok,PDF page 22 high-resolution rendered appendix image,visual_verified_no_correction_20260525,no,Manually compared against rendered official final PDF appendix image on 2026-05-25; no correction needed; lock scope excludes inferred simulator fields and communication/traffic dynamics.
B.7_002,B.7,appendix_b7_utn_tl_data.csv,2,tl_id,2,source_locked_visual_20260525,structure_ok,PDF page 22 high-resolution rendered appendix image,visual_verified_no_correction_20260525,no,Manually compared against rendered official final PDF appendix image on 2026-05-25; no correction needed; lock scope excludes inferred simulator fields and communication/traffic dynamics.
B.7_003,B.7,appendix_b7_utn_tl_data.csv,3,tl_id,3,source_locked_visual_20260525,structure_ok,PDF page 22 high-resolution rendered appendix image,visual_verified_no_correction_20260525,no,Manually compared against rendered official final PDF appendix image on 2026-05-25; no correction needed; lock scope excludes inferred simulator fields and communication/traffic dynamics.
B.7_004,B.7,appendix_b7_utn_tl_data.csv,4,tl_id,4,source_locked_visual_20260525,structure_ok,PDF page 22 high-resolution rendered appendix image,visual_verified_no_correction_20260525,no,Manually compared against rendered official final PDF appendix image on 2026-05-25; no correction needed; lock scope excludes inferred simulator fields and communication/traffic dynamics.
B.7_005,B.7,appendix_b7_utn_tl_data.csv,5,tl_id,5,source_locked_visual_20260525,structure_ok,PDF page 22 high-resolution rendered appendix image,visual_verified_no_correction_20260525,no,Manually compared against rendered official final PDF appendix image on 2026-05-25; no correction needed; lock scope excludes inferred simulator fields and communication/traffic dynamics.
B.7_006,B.7,appendix_b7_utn_tl_data.csv,6,tl_id,6,source_locked_visual_20260525,structure_ok,PDF page 22 high-resolution rendered appendix image,visual_verified_no_correction_20260525,no,Manually compared against rendered official final PDF appendix image on 2026-05-25; no correction needed; lock scope excludes inferred simulator fields and communication/traffic dynamics.
B.7_007,B.7,appendix_b7_utn_tl_data.csv,7,tl_id,7,source_locked_visual_20260525,structure_ok,PDF page 22 high-resolution rendered appendix image,visual_verified_no_correction_20260525,no,Manually compared against rendered official final PDF appendix image on 2026-05-25; no correction needed; lock scope excludes inferred simulator fields and communication/traffic dynamics.
B.7_008,B.7,appendix_b7_utn_tl_data.csv,8,tl_id,8,source_locked_visual_20260525,structure_ok,PDF page 22 high-resolution rendered appendix image,visual_verified_no_correction_20260525,no,Manually compared against rendered official final PDF appendix image on 2026-05-25; no correction needed; lock scope excludes inferred simulator fields and communication/traffic dynamics.
B.7_009,B.7,appendix_b7_utn_tl_data.csv,9,tl_id,9,source_locked_visual_20260525,structure_ok,PDF page 22 high-resolution rendered appendix image,visual_verified_no_correction_20260525,no,Manually compared against rendered official final PDF appendix image on 2026-05-25; no correction needed; lock scope excludes inferred simulator fields and communication/traffic dynamics.
B.7_010,B.7,appendix_b7_utn_tl_data.csv,10,tl_id,10,source_locked_visual_20260525,structure_ok,PDF page 22 high-resolution rendered appendix image,visual_verified_no_correction_20260525,no,Manually compared against rendered official final PDF appendix image on 2026-05-25; no correction needed; lock scope excludes inferred simulator fields and communication/traffic dynamics.
B.7_011,B.7,appendix_b7_utn_tl_data.csv,11,tl_id,11,source_locked_visual_20260525,structure_ok,PDF page 22 high-resolution rendered appendix image,visual_verified_no_correction_20260525,no,Manually compared against rendered official final PDF appendix image on 2026-05-25; no correction needed; lock scope excludes inferred simulator fields and communication/traffic dynamics.
B.7_012,B.7,appendix_b7_utn_tl_data.csv,12,tl_id,12,source_locked_visual_20260525,structure_ok,PDF page 22 high-resolution rendered appendix image,visual_verified_no_correction_20260525,no,Manually compared against rendered official final PDF appendix image on 2026-05-25; no correction needed; lock scope excludes inferred simulator fields and communication/traffic dynamics.
B.7_013,B.7,appendix_b7_utn_tl_data.csv,13,tl_id,13,source_locked_visual_20260525,structure_ok,PDF page 22 high-resolution rendered appendix image,visual_verified_no_correction_20260525,no,Manually compared against rendered official final PDF appendix image on 2026-05-25; no correction needed; lock scope excludes inferred simulator fields and communication/traffic dynamics.
B.7_014,B.7,appendix_b7_utn_tl_data.csv,14,tl_id,14,source_locked_visual_20260525,structure_ok,PDF page 22 high-resolution rendered appendix image,visual_verified_no_correction_20260525,no,Manually compared against rendered official final PDF appendix image on 2026-05-25; no correction needed; lock scope excludes inferred simulator fields and communication/traffic dynamics.
B.7_015,B.7,appendix_b7_utn_tl_data.csv,15,tl_id,15,source_locked_visual_20260525,structure_ok,PDF page 22 high-resolution rendered appendix image,visual_verified_no_correction_20260525,no,Manually compared against rendered official final PDF appendix image on 2026-05-25; no correction needed; lock scope excludes inferred simulator fields and communication/traffic dynamics.
B.7_016,B.7,appendix_b7_utn_tl_data.csv,16,tl_id,16,source_locked_visual_20260525,structure_ok,PDF page 22 high-resolution rendered appendix image,visual_verified_no_correction_20260525,no,Manually compared against rendered official final PDF appendix image on 2026-05-25; no correction needed; lock scope excludes inferred simulator fields and communication/traffic dynamics.
B.7_017,B.7,appendix_b7_utn_tl_data.csv,17,tl_id,17,source_locked_visual_20260525,structure_ok,PDF page 22 high-resolution rendered appendix image,visual_verified_no_correction_20260525,no,Manually compared against rendered official final PDF appendix image on 2026-05-25; no correction needed; lock scope excludes inferred simulator fields and communication/traffic dynamics.
B.7_018,B.7,appendix_b7_utn_tl_data.csv,18,tl_id,18,source_locked_visual_20260525,structure_ok,PDF page 22 high-resolution rendered appendix image,visual_verified_no_correction_20260525,no,Manually compared against rendered official final PDF appendix image on 2026-05-25; no correction needed; lock scope excludes inferred simulator fields and communication/traffic dynamics.
B.7_019,B.7,appendix_b7_utn_tl_data.csv,19,tl_id,19,source_locked_visual_20260525,structure_ok,PDF page 22 high-resolution rendered appendix image,visual_verified_no_correction_20260525,no,Manually compared against rendered official final PDF appendix image on 2026-05-25; no correction needed; lock scope excludes inferred simulator fields and communication/traffic dynamics.
B.7_020,B.7,appendix_b7_utn_tl_data.csv,20,tl_id,20,source_locked_visual_20260525,structure_ok,PDF page 22 high-resolution rendered appendix image,visual_verified_no_correction_20260525,no,Manually compared against rendered official final PDF appendix image on 2026-05-25; no correction needed; lock scope excludes inferred simulator fields and communication/traffic dynamics.
B.7_021,B.7,appendix_b7_utn_tl_data.csv,21,tl_id,21,source_locked_visual_20260525,structure_ok,PDF page 22 high-resolution rendered appendix image,visual_verified_no_correction_20260525,no,Manually compared against rendered official final PDF appendix image on 2026-05-25; no correction needed; lock scope excludes inferred simulator fields and communication/traffic dynamics.
B.7_022,B.7,appendix_b7_utn_tl_data.csv,22,tl_id,22,source_locked_visual_20260525,structure_ok,PDF page 22 high-resolution rendered appendix image,visual_verified_no_correction_20260525,no,Manually compared against rendered official final PDF appendix image on 2026-05-25; no correction needed; lock scope excludes inferred simulator fields and communication/traffic dynamics.
B.7_023,B.7,appendix_b7_utn_tl_data.csv,23,tl_id,23,source_locked_visual_20260525,structure_ok,PDF page 22 high-resolution rendered appendix image,visual_verified_no_correction_20260525,no,Manually compared against rendered official final PDF appendix image on 2026-05-25; no correction needed; lock scope excludes inferred simulator fields and communication/traffic dynamics.
B.7_024,B.7,appendix_b7_utn_tl_data.csv,24,tl_id,24,source_locked_visual_20260525,structure_ok,PDF page 22 high-resolution rendered appendix image,visual_verified_no_correction_20260525,no,Manually compared against rendered official final PDF appendix image on 2026-05-25; no correction needed; lock scope excludes inferred simulator fields and communication/traffic dynamics.
B.7_025,B.7,appendix_b7_utn_tl_data.csv,25,tl_id,25,source_locked_visual_20260525,structure_ok,PDF page 22 high-resolution rendered appendix image,visual_verified_no_correction_20260525,no,Manually compared against rendered official final PDF appendix image on 2026-05-25; no correction needed; lock scope excludes inferred simulator fields and communication/traffic dynamics.
B.7_026,B.7,appendix_b7_utn_tl_data.csv,26,tl_id,26,source_locked_visual_20260525,structure_ok,PDF page 22 high-resolution rendered appendix image,visual_verified_no_correction_20260525,no,Manually compared against rendered official final PDF appendix image on 2026-05-25; no correction needed; lock scope excludes inferred simulator fields and communication/traffic dynamics.
B.7_027,B.7,appendix_b7_utn_tl_data.csv,27,tl_id,27,source_locked_visual_20260525,structure_ok,PDF page 22 high-resolution rendered appendix image,visual_verified_no_correction_20260525,no,Manually compared against rendered official final PDF appendix image on 2026-05-25; no correction needed; lock scope excludes inferred simulator fields and communication/traffic dynamics.
B.7_028,B.7,appendix_b7_utn_tl_data.csv,28,tl_id,28,source_locked_visual_20260525,structure_ok,PDF page 22 high-resolution rendered appendix image,visual_verified_no_correction_20260525,no,Manually compared against rendered official final PDF appendix image on 2026-05-25; no correction needed; lock scope excludes inferred simulator fields and communication/traffic dynamics.
B.7_029,B.7,appendix_b7_utn_tl_data.csv,29,tl_id,29,source_locked_visual_20260525,structure_ok,PDF page 22 high-resolution rendered appendix image,visual_verified_no_correction_20260525,no,Manually compared against rendered official final PDF appendix image on 2026-05-25; no correction needed; lock scope excludes inferred simulator fields and communication/traffic dynamics.
B.7_030,B.7,appendix_b7_utn_tl_data.csv,30,tl_id,30,source_locked_visual_20260525,structure_ok,PDF page 22 high-resolution rendered appendix image,visual_verified_no_correction_20260525,no,Manually compared against rendered official final PDF appendix image on 2026-05-25; no correction needed; lock scope excludes inferred simulator fields and communication/traffic dynamics.
B.7_031,B.7,appendix_b7_utn_tl_data.csv,31,tl_id,31,source_locked_visual_20260525,structure_ok,PDF page 22 high-resolution rendered appendix image,visual_verified_no_correction_20260525,no,Manually compared against rendered official final PDF appendix image on 2026-05-25; no correction needed; lock scope excludes inferred simulator fields and communication/traffic dynamics.
B.7_032,B.7,appendix_b7_utn_tl_data.csv,32,tl_id,32,source_locked_visual_20260525,structure_ok,PDF page 22 high-resolution rendered appendix image,visual_verified_no_correction_20260525,no,Manually compared against rendered official final PDF appendix image on 2026-05-25; no correction needed; lock scope excludes inferred simulator fields and communication/traffic dynamics.
B.7_033,B.7,appendix_b7_utn_tl_data.csv,33,tl_id,33,source_locked_visual_20260525,structure_ok,PDF page 22 high-resolution rendered appendix image,visual_verified_no_correction_20260525,no,Manually compared against rendered official final PDF appendix image on 2026-05-25; no correction needed; lock scope excludes inferred simulator fields and communication/traffic dynamics.
B.7_034,B.7,appendix_b7_utn_tl_data.csv,34,tl_id,34,source_locked_visual_20260525,structure_ok,PDF page 22 high-resolution rendered appendix image,visual_verified_no_correction_20260525,no,Manually compared against rendered official final PDF appendix image on 2026-05-25; no correction needed; lock scope excludes inferred simulator fields and communication/traffic dynamics.
B.7_035,B.7,appendix_b7_utn_tl_data.csv,35,tl_id,35,source_locked_visual_20260525,structure_ok,PDF page 22 high-resolution rendered appendix image,visual_verified_no_correction_20260525,no,Manually compared against rendered official final PDF appendix image on 2026-05-25; no correction needed; lock scope excludes inferred simulator fields and communication/traffic dynamics.
B.7_036,B.7,appendix_b7_utn_tl_data.csv,36,tl_id,36,source_locked_visual_20260525,structure_ok,PDF page 22 high-resolution rendered appendix image,visual_verified_no_correction_20260525,no,Manually compared against rendered official final PDF appendix image on 2026-05-25; no correction needed; lock scope excludes inferred simulator fields and communication/traffic dynamics.
B.7_037,B.7,appendix_b7_utn_tl_data.csv,37,tl_id,37,source_locked_visual_20260525,structure_ok,PDF page 22 high-resolution rendered appendix image,visual_verified_no_correction_20260525,no,Manually compared against rendered official final PDF appendix image on 2026-05-25; no correction needed; lock scope excludes inferred simulator fields and communication/traffic dynamics.
B.7_038,B.7,appendix_b7_utn_tl_data.csv,38,tl_id,38,source_locked_visual_20260525,structure_ok,PDF page 22 high-resolution rendered appendix image,visual_verified_no_correction_20260525,no,Manually compared against rendered official final PDF appendix image on 2026-05-25; no correction needed; lock scope excludes inferred simulator fields and communication/traffic dynamics.
